-- Seed questions, options, and topic mappings from frontend/src/data/questions.json
-- Generated to match question IDs exactly.

BEGIN;

TRUNCATE TABLE question_topics, options, questions RESTART IDENTITY;

INSERT INTO topics (slug, name) VALUES
    ('cloud', 'Cloud'),
    ('containerization', 'Containerization'),
    ('css', 'CSS'),
    ('html', 'HTML'),
    ('http', 'HTTP'),
    ('js', 'JavaScript'),
    ('next', 'Next.js'),
    ('node', 'Node / Express'),
    ('react', 'React'),
    ('rest', 'REST'),
    ('sql', 'SQL')
ON CONFLICT (slug) DO NOTHING;

INSERT INTO questions (id, question_text) VALUES
    (1, 'Which of the following is a front-end framework?'),
    (2, 'Which component handles data storage, processing, and retrieval?'),
    (3, 'Which of the following is a back-end programming language?'),
    (4, 'Which of the following is a back-end framework?'),
    (5, 'Which of the following is a database management system (DBMS)?'),
    (6, 'What does CRUD stand for?'),
    (7, 'Which HTTP method is typically used for retrieving data?'),
    (8, 'Which HTTP method is typically associated with creating new resources?'),
    (9, 'What is stateless communication?'),
    (10, 'What is the role of a hypervisor?'),
    (11, 'Which statement best describes a virtual machine?'),
    (12, 'Which statement best describes a container?'),
    (13, 'Which tools are commonly used for deployment and orchestration?'),
    (14, 'Why can local development environments cause problems across different projects?'),
    (15, 'What is the main difference between virtual machines and containers?'),
    (16, 'Why are virtual machines considered more resource intensive than containers?'),
    (17, 'What is the role of a Dockerfile?'),
    (18, 'What is a Docker image?'),
    (19, 'What does the `docker run` command do?'),
    (20, 'Why is the `EXPOSE` instruction used in a Dockerfile?'),
    (21, 'What does the `-p 80:8080` option in `docker run` do?'),
    (22, 'What is the purpose of mounting a volume using the `-v` flag in Docker?'),
    (23, 'What is the main purpose of `docker-compose.yml`?'),
    (24, 'What does the `WORKDIR` instruction in a Dockerfile do?'),
    (25, 'What is the purpose of the `CMD` instruction in a Dockerfile?'),
    (26, 'Why might developers prefer containers over local environments for development?'),
    (27, 'Which of the following is a correct example of a self-closing tag in HTML?'),
    (28, 'What is the purpose of attributes in HTML tags?'),
    (29, 'In CSS, what does a selector like ''.ralph1'' represent?'),
    (30, 'What does the CSS selector ''h1 h2'' select?'),
    (31, 'In the DOM manipulation example, what does document.getElementById(''p1'').innerHTML do?'),
    (32, 'Which layer of the communication stack is responsible for reliable, ordered communication like TCP?'),
    (33, 'What is a key difference between TCP and UDP?'),
    (34, 'How does DNS primarily function in the web?'),
    (35, 'What feature was introduced in HTTP/1.1 to reuse TCP connections?'),
    (36, 'In HTTP/2, what solves head-of-line blocking at the application layer?'),
    (37, 'Which HTTP method is used to submit data to be processed, often from forms?'),
    (38, 'What does it mean for an HTTP method to be ''idempotent''?'),
    (39, 'Which HTTP status code category indicates client errors?'),
    (40, 'In JavaScript, what is the difference between ''let'' and ''var'' regarding scope?'),
    (41, 'What happens when accessing a ''let'' variable before its declaration due to hoisting?'),
    (42, 'In JavaScript, what does the ''this'' keyword refer to in a method inside an object?'),
    (43, 'Why can''t functions be included in JSON data?'),
    (44, 'In Node.js, what does ''require()'' do?'),
    (45, 'What is the role of ''module.exports'' in Node.js?'),
    (46, 'What advantage does Express provide over the built-in HTTP module in Node.js?'),
    (47, 'In Node.js servers, why might server state like a counter reset on restart?'),
    (48, 'What is a conceptual benefit of HTTP/3 using QUIC over UDP?'),
    (49, 'How does nesting work in HTML tags?'),
    (50, 'What is the primary use of the HEAD HTTP method?'),
    (51, 'In JavaScript, what is an arrow function primarily used for?'),
    (52, 'What command is used to start the Docker container in detached mode?'),
    (53, 'What is the purpose of ''app.use(''/'', express.static(''pages''));'' in Express?'),
    (54, 'What API is referenced for asynchronous calls in the browser?'),
    (55, 'What tool is recommended for simple load testing in Node.js?'),
    (56, 'What rule should be kept in mind for JS execution order?'),
    (57, 'What is a key design choice of TypeScript?'),
    (58, 'What is a core design goal of React?'),
    (59, 'How is UI written in React?'),
    (60, 'In React, what are props most like?'),
    (61, 'When using React Router, which component acts as the wrapper for client-side navigation?'),
    (62, 'In Next.js App Router, what is a key difference between Server Components and Client Components?'),
    (63, 'Which Richardson Maturity Model level uses resources (URIs) and HTTP verbs but not yet HATEOAS?'),
    (64, 'According to REST principles, which HTTP method is defined as Safe (should not change server state)?'),
    (65, 'In a JSON document, which syntax rule differs from standard JavaScript object literals?'),
    (66, 'Which REST constraint requires each request to contain all necessary information (no stored client context)?'),
    (67, 'Which message service style calls named operations like createUser() via a single endpoint?'),
    (68, 'Which HTTP status code should be returned when a new resource is successfully created on the server?'),
    (69, 'In the Richardson Maturity Model, what distinguishes a Level 1 API from a Level 0 API?'),
    (70, 'Which REST constraint is most directly addressed by Richardson Maturity Level 3 (HATEOAS)?'),
    (71, 'When running local LLMs with Ollama, what is the primary purpose of Quantization in model files?'),
    (72, 'In the Model Context Protocol (MCP), which entity is responsible for actually executing a tool?'),
    (73, 'Which concept describes how CouchDB handles concurrent updates without traditional table-level locks?'),
    (74, 'According to the CAP Theorem, which two properties does CouchDB prioritize during a network partition?'),
    (75, 'In Express.js middleware, what happens if a function does not call next() and does not send a response?'),
    (76, 'Which security risk is associated with autonomous agents like OpenClaw?'),
    (77, 'What is the specific role of the cors middleware package in a Node/Express application?'),
    (78, 'In local LLMs like DeepSeek-R1, what is the function of Chain of Thought (CoT) inside <think> tags?');

SELECT setval(
    pg_get_serial_sequence('questions', 'id'),
    COALESCE((SELECT MAX(id) FROM questions), 1),
    true
);

INSERT INTO options (question_id, option_text, is_correct) VALUES
    (1, 'Django', FALSE),
    (1, 'Express.js', FALSE),
    (1, 'React', TRUE),
    (1, 'Flask', FALSE),
    (2, 'Front-end technologies', FALSE),
    (2, 'Back-end technologies', TRUE),
    (2, 'Deployment tools', FALSE),
    (2, 'WebAssembly', FALSE),
    (3, 'HTML', FALSE),
    (3, 'CSS', FALSE),
    (3, 'Python', TRUE),
    (3, 'Vue.js', FALSE),
    (4, 'Angular', FALSE),
    (4, 'Django', TRUE),
    (4, 'MongoDB', FALSE),
    (4, 'Kubernetes', FALSE),
    (5, 'React', FALSE),
    (5, 'MySQL', TRUE),
    (5, 'Express.js', FALSE),
    (5, 'Docker', FALSE),
    (6, 'Create, Run, Update, Deploy', FALSE),
    (6, 'Create, Read, Update, Delete', TRUE),
    (6, 'Connect, Retrieve, Upload, Download', FALSE),
    (6, 'Compile, Render, Upload, Delete', FALSE),
    (7, 'POST', FALSE),
    (7, 'GET', TRUE),
    (7, 'PUT', FALSE),
    (7, 'DELETE', FALSE),
    (8, 'GET', FALSE),
    (8, 'DELETE', FALSE),
    (8, 'POST', TRUE),
    (8, 'PATCH', FALSE),
    (9, 'The server stores client session state permanently', FALSE),
    (9, 'Each request is independent and based on current state', TRUE),
    (9, 'Clients never send requests to servers', FALSE),
    (9, 'The server cannot respond to requests', FALSE),
    (10, 'Manages front-end frameworks', FALSE),
    (10, 'Allows multiple virtual machines to run on one physical machine', TRUE),
    (10, 'Stores application data', FALSE),
    (10, 'Deploys containers to the cloud', FALSE),
    (11, 'A lightweight package sharing the host OS kernel', FALSE),
    (11, 'A software emulation of a physical machine with its own OS', TRUE),
    (11, 'A database management system', FALSE),
    (11, 'A client-side scripting environment', FALSE),
    (12, 'Runs a full separate OS on a hypervisor', FALSE),
    (12, 'Provides total isolation with high resource cost', FALSE),
    (12, 'Lightweight package including everything needed to run an application', TRUE),
    (12, 'Only used for database management', FALSE),
    (13, 'HTML and CSS', FALSE),
    (13, 'Docker and Kubernetes', TRUE),
    (13, 'React and Vue.js', FALSE),
    (13, 'MySQL and PostgreSQL', FALSE),
    (14, 'Different projects may require different versions of libraries or dependencies', TRUE),
    (14, 'Local environments do not support programming languages', FALSE),
    (14, 'Operating systems cannot run multiple applications', FALSE),
    (14, 'Local environments cannot access networks', FALSE),
    (15, 'Virtual machines share the host OS kernel while containers run separate operating systems', FALSE),
    (15, 'Containers include a full operating system while virtual machines do not', FALSE),
    (15, 'Virtual machines emulate hardware and run full operating systems, while containers share the host OS kernel', TRUE),
    (15, 'Containers cannot run applications', FALSE),
    (16, 'Each virtual machine runs its own full operating system', TRUE),
    (16, 'Virtual machines cannot share files', FALSE),
    (16, 'Virtual machines require internet access', FALSE),
    (16, 'Containers run faster code', FALSE),
    (17, 'To run a container instance', FALSE),
    (17, 'To define instructions for building a Docker image', TRUE),
    (17, 'To manage container networking only', FALSE),
    (17, 'To replace docker-compose', FALSE),
    (18, 'A running container instance', FALSE),
    (18, 'A template used to create containers', TRUE),
    (18, 'A Docker configuration file', FALSE),
    (18, 'A network configuration', FALSE),
    (19, 'Creates a Dockerfile', FALSE),
    (19, 'Builds an image from a Dockerfile', FALSE),
    (19, 'Starts a container from an image', TRUE),
    (19, 'Uploads an image to Docker Hub', FALSE),
    (20, 'To automatically publish a port to the internet', FALSE),
    (20, 'To document and enable a container port for use', TRUE),
    (20, 'To stop containers from using ports', FALSE),
    (20, 'To create network drivers', FALSE),
    (21, 'Maps port 8080 on the host to port 80 in the container', FALSE),
    (21, 'Maps port 80 on the host to port 8080 in the container', TRUE),
    (21, 'Opens both ports inside the container', FALSE),
    (21, 'Disables networking', FALSE),
    (22, 'To delete files inside a container', FALSE),
    (22, 'To connect a host directory with a container directory', TRUE),
    (22, 'To compress container files', FALSE),
    (22, 'To duplicate containers', FALSE),
    (23, 'To build a single Docker image', FALSE),
    (23, 'To define and manage multi-container applications', TRUE),
    (23, 'To replace Dockerfiles', FALSE),
    (23, 'To monitor container CPU usage', FALSE),
    (24, 'Creates a new container', FALSE),
    (24, 'Sets the working directory for subsequent commands', TRUE),
    (24, 'Copies files from the host', FALSE),
    (24, 'Defines the container network', FALSE),
    (25, 'Specifies the default command executed when a container starts', TRUE),
    (25, 'Installs system packages', FALSE),
    (25, 'Defines container networking', FALSE),
    (25, 'Creates volumes automatically', FALSE),
    (26, 'Containers guarantee identical environments across systems', TRUE),
    (26, 'Containers eliminate the need for operating systems', FALSE),
    (26, 'Containers remove the need for programming languages', FALSE),
    (26, 'Containers automatically deploy applications', FALSE),
    (27, '<p>Text</p>', FALSE),
    (27, '<br>', TRUE),
    (27, '<head>Content</head>', FALSE),
    (27, '<body>Content</body>', FALSE),
    (28, 'To define the structure of the document', FALSE),
    (28, 'To provide additional information about elements', TRUE),
    (28, 'To link external stylesheets', FALSE),
    (28, 'To execute JavaScript code', FALSE),
    (29, 'A tag selector', FALSE),
    (29, 'An ID selector', FALSE),
    (29, 'A class selector', TRUE),
    (29, 'A universal selector', FALSE),
    (30, 'h2 elements that are direct children of h1', FALSE),
    (30, 'h2 elements that immediately follow h1', FALSE),
    (30, 'h2 elements that are descendants of h1', TRUE),
    (30, 'All h1 and h2 elements', FALSE),
    (31, 'Changes the color of the element', FALSE),
    (31, 'Adds an event listener', FALSE),
    (31, 'Modifies the text content of the element', TRUE),
    (31, 'Removes the element from the DOM', FALSE),
    (32, 'Physical Layer', FALSE),
    (32, 'Data Link Layer', FALSE),
    (32, 'Network/Internet Layer', FALSE),
    (32, 'Transport Layer', TRUE),
    (33, 'TCP provides guaranteed delivery, UDP does not', TRUE),
    (33, 'UDP is used for web browsing, TCP for video streaming', FALSE),
    (33, 'TCP is faster than UDP', FALSE),
    (33, 'UDP ensures ordered delivery, TCP does not', FALSE),
    (34, 'By translating domain names to IP addresses', TRUE),
    (34, 'By encrypting data transmissions', FALSE),
    (34, 'By managing HTTP requests', FALSE),
    (34, 'By storing web page content', FALSE),
    (35, 'Pipelining', FALSE),
    (35, 'Keep-alive', TRUE),
    (35, 'Streams', FALSE),
    (35, 'QUIC', FALSE),
    (36, 'Multiple TCP connections', FALSE),
    (36, 'QUIC protocol', FALSE),
    (36, 'Streams for multiplexing requests', TRUE),
    (36, 'Pipelining without ordering', FALSE),
    (37, 'GET', FALSE),
    (37, 'HEAD', FALSE),
    (37, 'POST', TRUE),
    (37, 'DELETE', FALSE),
    (38, 'It can be cached by browsers', FALSE),
    (38, 'It always changes the server state', FALSE),
    (38, 'Multiple invocations don''t change the response beyond the first', TRUE),
    (38, 'It is safe for read-only operations', FALSE),
    (39, '1xx', FALSE),
    (39, '2xx', FALSE),
    (39, '3xx', FALSE),
    (39, '4xx', TRUE),
    (40, 'let is function-scoped, var is block-scoped', FALSE),
    (40, 'let is block-scoped, var is function-scoped', TRUE),
    (40, 'Both are globally scoped', FALSE),
    (40, 'var allows hoisting, let does not', FALSE),
    (41, 'It returns undefined', FALSE),
    (41, 'It causes a ReferenceError (Temporal Dead Zone)', TRUE),
    (41, 'It initializes to null', FALSE),
    (41, 'It works like var', FALSE),
    (42, 'The global object', FALSE),
    (42, 'The function itself', FALSE),
    (42, 'The object the method is called on', TRUE),
    (42, 'The parent function', FALSE),
    (43, 'JSON is a text format for data only', TRUE),
    (43, 'Functions are not serializable', FALSE),
    (43, 'JSON.parse ignores functions', FALSE),
    (43, 'All of the above', FALSE),
    (44, 'Executes a function immediately', FALSE),
    (44, 'Loads and returns exports from another module', TRUE),
    (44, 'Creates a new server', FALSE),
    (44, 'Parses JSON data', FALSE),
    (45, 'To import modules', FALSE),
    (45, 'To define what a module exposes to others', TRUE),
    (45, 'To run the server', FALSE),
    (45, 'To handle HTTP requests', FALSE),
    (46, 'It handles DNS resolution', FALSE),
    (46, 'It simplifies routing and middleware', TRUE),
    (46, 'It compiles JavaScript to machine code', FALSE),
    (46, 'It manages database connections', FALSE),
    (47, 'State is stored in memory per process', TRUE),
    (47, 'HTTP is stateless', FALSE),
    (47, 'DNS caching', FALSE),
    (47, 'JSON parsing errors', FALSE),
    (48, 'It guarantees packet order', FALSE),
    (48, 'It reduces head-of-line blocking across streams', TRUE),
    (48, 'It requires new TCP connections per request', FALSE),
    (48, 'It only supports GET methods', FALSE),
    (49, 'Tags cannot be nested', FALSE),
    (49, 'Inner tags must close before outer ones', TRUE),
    (49, 'Nesting is only for styles', FALSE),
    (49, 'All tags must be self-closing', FALSE),
    (50, 'To retrieve full resource content', FALSE),
    (50, 'To get meta-information without the body', TRUE),
    (50, 'To submit form data', FALSE),
    (50, 'To delete a resource', FALSE),
    (51, 'To define classes', FALSE),
    (51, 'Concise function expressions with lexical ''this''', TRUE),
    (51, 'To handle loops', FALSE),
    (51, 'To parse JSON', FALSE),
    (52, 'docker run -d', FALSE),
    (52, 'docker-compose up -d', TRUE),
    (52, 'docker start', FALSE),
    (52, 'npm start', FALSE),
    (53, 'To handle dynamic routes', FALSE),
    (53, 'To serve static files from the ''pages'' directory', TRUE),
    (53, 'To connect to a database', FALSE),
    (53, 'To parse JSON requests', FALSE),
    (54, 'Axios', FALSE),
    (54, 'jQuery.ajax', FALSE),
    (54, 'Fetch API', TRUE),
    (54, 'XMLHttpRequest', FALSE),
    (55, 'JMeter', FALSE),
    (55, 'Loadtest', TRUE),
    (55, 'Gatling', FALSE),
    (55, 'Apache Bench', FALSE),
    (56, 'Async first, then sync', FALSE),
    (56, 'Sync first, then microtasks, then timers', TRUE),
    (56, 'Timers first, then microtasks', FALSE),
    (56, 'Microtasks first, then sync', FALSE),
    (57, 'It runs natively in browsers', FALSE),
    (57, 'It compiles to JS with no new runtime', TRUE),
    (57, 'It replaces JavaScript entirely', FALSE),
    (57, 'It adds a new virtual machine', FALSE),
    (58, 'Separation of UI and logic', FALSE),
    (58, 'Encapsulation: UI + logic live together', TRUE),
    (58, 'Global state management by default', FALSE),
    (58, 'Imperative rendering', FALSE),
    (59, 'As a sequence of DOM manipulations', FALSE),
    (59, 'As a function of state (declarative)', TRUE),
    (59, 'Using templates', FALSE),
    (59, 'With direct HTML strings', FALSE),
    (60, 'Global variables', FALSE),
    (60, 'Function parameters', TRUE),
    (60, 'Class fields', FALSE),
    (60, 'Event handlers', FALSE),
    (61, '<Routes>', FALSE),
    (61, '<BrowserRouter>', TRUE),
    (61, '<Route>', FALSE),
    (61, '<Link>', FALSE),
    (62, 'Server Components can use ''useState'', while Client Components cannot.', FALSE),
    (62, 'Server Components execute only on the server and do not send JavaScript to the client.', TRUE),
    (62, 'Client Components are only for static SEO content.', FALSE),
    (62, 'Server Components require a separate ''use server'' directive at the top of the file.', FALSE),
    (63, 'Level 0', FALSE),
    (63, 'Level 1', FALSE),
    (63, 'Level 2', TRUE),
    (63, 'Level 3', FALSE),
    (64, 'POST', FALSE),
    (64, 'PUT', FALSE),
    (64, 'DELETE', FALSE),
    (64, 'GET', TRUE),
    (65, 'Keys must be enclosed in double quotes.', TRUE),
    (65, 'Trailing commas are required for all objects.', FALSE),
    (65, 'Single quotes are preferred for string values.', FALSE),
    (65, 'Comments can be added using the // syntax.', FALSE),
    (66, 'Layered System', FALSE),
    (66, 'Stateless', TRUE),
    (66, 'Cacheable', FALSE),
    (66, 'Uniform Interface', FALSE),
    (67, 'REST', FALSE),
    (67, 'HATEOAS', FALSE),
    (67, 'JSON-RPC', TRUE),
    (67, 'CRUD', FALSE),
    (68, '200 OK', FALSE),
    (68, '201 Created', TRUE),
    (68, '204 No Content', FALSE),
    (68, '400 Bad Request', FALSE),
    (69, 'The use of HTTP verbs like GET and DELETE', FALSE),
    (69, 'The introduction of HATEOAS and hypermedia links', FALSE),
    (69, 'The use of individual Resource URIs instead of a single endpoint', TRUE),
    (69, 'The implementation of semantic HTTP status codes', FALSE),
    (70, 'Statelessness', FALSE),
    (70, 'Uniform Interface', TRUE),
    (70, 'Layered System', FALSE),
    (70, 'Cacheability', FALSE),
    (71, 'To increase the creative randomness of the model''s output', FALSE),
    (71, 'To reduce the model''s memory footprint so it fits on consumer GPUs', TRUE),
    (71, 'To encrypt the model for secure local storage', FALSE),
    (71, 'To allow the model to process multiple languages simultaneously', FALSE),
    (72, 'The LLM (Large Language Model)', FALSE),
    (72, 'The MCP Client/Orchestrator', TRUE),
    (72, 'The System Prompt', FALSE),
    (72, 'The JSON-RPC Specification', FALSE),
    (73, 'Pessimistic Concurrency Control', FALSE),
    (73, 'Multi-Version Concurrency Control (MVCC) via _rev tags', TRUE),
    (73, 'Strict ACID Atomicity across multiple documents', FALSE),
    (73, 'Two-Phase Commit Protocol', FALSE),
    (74, 'Consistency and Availability', FALSE),
    (74, 'Consistency and Partition Tolerance', FALSE),
    (74, 'Availability and Partition Tolerance', TRUE),
    (74, 'Durability and Atomicity', FALSE),
    (75, 'The request is automatically passed to the next route handler', FALSE),
    (75, 'The server will crash and require a restart', FALSE),
    (75, 'The request will hang, and the client will eventually time out', TRUE),
    (75, 'Express will return a 404 Not Found error by default', FALSE),
    (76, 'They only run on proprietary cloud servers', FALSE),
    (76, 'The Prompt Injection vulnerability where a model executes untrusted commands', TRUE),
    (76, 'They cannot interface with local databases', FALSE),
    (76, 'The requirement for manual approval of every single character generated', FALSE),
    (77, 'To encrypt data transmitted between the client and server', FALSE),
    (77, 'To provide a whitelist of allowed origins for browser-based requests', TRUE),
    (77, 'To serve static files like images and CSS', FALSE),
    (77, 'To log every incoming HTTP request for debugging', FALSE),
    (78, 'To hide the model''s source code from the end user', FALSE),
    (78, 'To allow the model to reason through a problem before providing a final answer', TRUE),
    (78, 'To speed up the generation of the final response tokens', FALSE),
    (78, 'To translate the user''s prompt into JSON-RPC format', FALSE);

INSERT INTO question_topics (question_id, topic_id)
SELECT m.question_id, t.id
FROM (VALUES
    (1, 'react'),
    (2, 'node'),
    (3, 'node'),
    (4, 'node'),
    (5, 'sql'),
    (6, 'sql'),
    (6, 'rest'),
    (7, 'rest'),
    (7, 'http'),
    (8, 'rest'),
    (8, 'http'),
    (9, 'rest'),
    (9, 'http'),
    (10, 'containerization'),
    (11, 'containerization'),
    (12, 'containerization'),
    (13, 'cloud'),
    (13, 'containerization'),
    (14, 'containerization'),
    (15, 'containerization'),
    (16, 'containerization'),
    (17, 'containerization'),
    (18, 'containerization'),
    (19, 'containerization'),
    (20, 'containerization'),
    (21, 'containerization'),
    (22, 'containerization'),
    (23, 'containerization'),
    (24, 'containerization'),
    (25, 'containerization'),
    (26, 'containerization'),
    (27, 'html'),
    (28, 'html'),
    (29, 'css'),
    (30, 'css'),
    (31, 'js'),
    (31, 'html'),
    (32, 'http'),
    (33, 'http'),
    (34, 'http'),
    (35, 'http'),
    (36, 'http'),
    (37, 'rest'),
    (37, 'http'),
    (38, 'rest'),
    (38, 'http'),
    (39, 'http'),
    (40, 'js'),
    (41, 'js'),
    (42, 'js'),
    (43, 'js'),
    (44, 'js'),
    (44, 'node'),
    (45, 'js'),
    (45, 'node'),
    (46, 'js'),
    (46, 'node'),
    (47, 'js'),
    (47, 'node'),
    (48, 'http'),
    (49, 'html'),
    (50, 'rest'),
    (50, 'http'),
    (51, 'js'),
    (52, 'node'),
    (53, 'node'),
    (54, 'http'),
    (54, 'js'),
    (55, 'node'),
    (56, 'js'),
    (57, 'js'),
    (58, 'react'),
    (59, 'react'),
    (60, 'react'),
    (61, 'react'),
    (62, 'react'),
    (62, 'next'),
    (63, 'http'),
    (63, 'rest'),
    (64, 'http'),
    (64, 'rest'),
    (65, 'js'),
    (66, 'http'),
    (66, 'rest'),
    (67, 'http'),
    (67, 'rest'),
    (68, 'http'),
    (68, 'rest'),
    (69, 'http'),
    (69, 'rest'),
    (70, 'rest'),
    (71, 'cloud'),
    (72, 'cloud'),
    (73, 'sql'),
    (73, 'cloud'),
    (74, 'sql'),
    (74, 'cloud'),
    (75, 'node'),
    (75, 'js'),
    (76, 'cloud'),
    (77, 'http'),
    (77, 'node'),
    (78, 'cloud')
) AS m(question_id, slug)
JOIN topics t ON t.slug = m.slug;

COMMIT;
